{"cameraMode":{"drawMode":0,"name":"Shaded","section":"Shading Mode"},"sceneLighting":false,"audioPlay":false,"sceneViewState":{"m_AlwaysRefresh":false,"showFog":true,"showSkybox":false,"showFlares":true,"showImageEffects":true,"showParticleSystems":true,"showVisualEffectGraphs":true,"m_FxEnabled":true},"in2DMode":false,"pivot":{"x":-0.0000018477439880371094,"y":-0.5770261287689209,"z":0.021505117416381837},"rotation":{"x":0.37279412150382998,"y":0.23937851190567017,"z":-0.1001678928732872,"w":0.8908920884132385},"size":0.8987066149711609,"orthographic":false}