{"cameraMode":{"drawMode":0,"name":"Shaded","section":"Shading Mode"},"sceneLighting":false,"audioPlay":false,"sceneViewState":{"m_AlwaysRefresh":false,"showFog":true,"showSkybox":false,"showFlares":true,"showImageEffects":true,"showParticleSystems":true,"showVisualEffectGraphs":true,"m_FxEnabled":true},"in2DMode":false,"pivot":{"x":3.4818005561828615,"y":2.6919069290161135,"z":-3.078913450241089},"rotation":{"x":0.39076852798461916,"y":-0.0579359196126461,"z":0.024652637541294099,"w":0.9183346033096314},"size":0.4831836521625519,"orthographic":false}