{"cameraMode":{"drawMode":0,"name":"Shaded","section":"Shading Mode"},"sceneLighting":false,"audioPlay":false,"sceneViewState":{"m_AlwaysRefresh":false,"showFog":true,"showSkybox":false,"showFlares":true,"showImageEffects":true,"showParticleSystems":true,"showVisualEffectGraphs":true,"m_FxEnabled":true},"in2DMode":false,"pivot":{"x":2.1013782024383547,"y":2.960665702819824,"z":-2.984973430633545},"rotation":{"x":0.39076852798461916,"y":-0.0579359196126461,"z":0.024652637541294099,"w":0.9183346033096314},"size":0.08989351987838745,"orthographic":false}