{"cameraMode":{"drawMode":0,"name":"Shaded","section":"Shading Mode"},"sceneLighting":false,"audioPlay":false,"sceneViewState":{"m_AlwaysRefresh":false,"showFog":true,"showSkybox":false,"showFlares":true,"showImageEffects":true,"showParticleSystems":true,"showVisualEffectGraphs":true,"m_FxEnabled":true},"in2DMode":false,"pivot":{"x":0.14667686820030213,"y":0.019063003361225129,"z":-0.016582876443862916},"rotation":{"x":0.14506663382053376,"y":0.4314006567001343,"z":-0.0705047994852066,"w":0.8876256346702576},"size":0.36508220434188845,"orthographic":false}