{"cameraMode":{"drawMode":0,"name":"Shaded","section":"Shading Mode"},"sceneLighting":false,"audioPlay":false,"sceneViewState":{"m_AlwaysRefresh":false,"showFog":true,"showSkybox":false,"showFlares":true,"showImageEffects":true,"showParticleSystems":true,"showVisualEffectGraphs":true,"m_FxEnabled":true},"in2DMode":false,"pivot":{"x":-0.00012731552124023438,"y":2.6039392948150636,"z":0.602534294128418},"rotation":{"x":-0.06051906943321228,"y":0.8745364546775818,"z":-0.11352845281362534,"w":-0.46775567531585696},"size":4.408289909362793,"orthographic":true}