{"cameraMode":{"drawMode":0,"name":"Shaded","section":"Shading Mode"},"sceneLighting":false,"audioPlay":false,"sceneViewState":{"m_AlwaysRefresh":false,"showFog":true,"showSkybox":false,"showFlares":true,"showImageEffects":true,"showParticleSystems":true,"showVisualEffectGraphs":true,"m_FxEnabled":true},"in2DMode":false,"pivot":{"x":0.26441073417663576,"y":1.4834246635437012,"z":-0.25173306465148928},"rotation":{"x":0.035107988864183429,"y":0.9426093697547913,"z":-0.10506148636341095,"w":0.31498822569847109},"size":1.486031413078308,"orthographic":false}