{"cameraMode":{"drawMode":0,"name":"Shaded","section":"Shading Mode"},"sceneLighting":false,"audioPlay":false,"sceneViewState":{"m_AlwaysRefresh":false,"showFog":true,"showSkybox":false,"showFlares":true,"showImageEffects":true,"showParticleSystems":true,"showVisualEffectGraphs":true,"m_FxEnabled":true},"in2DMode":false,"pivot":{"x":-0.0000018477439880371094,"y":-0.5770261287689209,"z":0.021505117416381837},"rotation":{"x":-0.318368524312973,"y":-0.549999475479126,"z":0.2382892668247223,"w":-0.7346502542495728},"size":0.7024121284484863,"orthographic":true}