{"cameraMode":{"drawMode":0,"name":"Shaded","section":"Shading Mode"},"sceneLighting":false,"audioPlay":false,"sceneViewState":{"m_AlwaysRefresh":false,"showFog":true,"showSkybox":false,"showFlares":true,"showImageEffects":true,"showParticleSystems":true,"showVisualEffectGraphs":true,"m_FxEnabled":true},"in2DMode":false,"pivot":{"x":-0.000007271766662597656,"y":-0.12939287722110749,"z":0.3750351369380951},"rotation":{"x":-0.17031645774841309,"y":0.7655194401741028,"z":-0.2255222052335739,"w":-0.578099250793457},"size":0.9532719850540161,"orthographic":true}