{"cameraMode":{"drawMode":0,"name":"Shaded","section":"Shading Mode"},"sceneLighting":true,"audioPlay":false,"sceneViewState":{"m_AlwaysRefresh":false,"showFog":true,"showSkybox":true,"showFlares":true,"showImageEffects":true,"showParticleSystems":true,"showVisualEffectGraphs":true,"m_FxEnabled":true},"in2DMode":false,"pivot":{"x":0.14135831594467164,"y":0.8999999761581421,"z":15.303497314453125},"rotation":{"x":-0.3217586576938629,"y":-0.04463436082005501,"z":0.015087930485606194,"w":-0.9458386898040772},"size":6.64225435256958,"orthographic":true}