{"cameraMode":{"drawMode":0,"name":"Shaded","section":"Shading Mode"},"sceneLighting":false,"audioPlay":false,"sceneViewState":{"m_AlwaysRefresh":false,"showFog":true,"showSkybox":false,"showFlares":true,"showImageEffects":true,"showParticleSystems":true,"showVisualEffectGraphs":true,"m_FxEnabled":true},"in2DMode":false,"pivot":{"x":0.45292872190475466,"y":2.907538890838623,"z":-2.2470431327819826},"rotation":{"x":0.23190313577651978,"y":0.444455087184906,"z":-0.12028799951076508,"w":0.8568633198738098},"size":0.5857419371604919,"orthographic":false}