{"cameraMode":{"drawMode":0,"name":"Shaded","section":"Shading Mode"},"sceneLighting":false,"audioPlay":false,"sceneViewState":{"m_AlwaysRefresh":false,"showFog":true,"showSkybox":false,"showFlares":true,"showImageEffects":true,"showParticleSystems":true,"showVisualEffectGraphs":true,"m_FxEnabled":true},"in2DMode":false,"pivot":{"x":154.00245666503907,"y":-17.72833251953125,"z":-34.2398681640625},"rotation":{"x":0.02987917698919773,"y":0.09045038372278214,"z":-0.002654766896739602,"w":0.9955235123634338},"size":45.012290954589847,"orthographic":true}