{"cameraMode":{"drawMode":0,"name":"Shaded","section":"Shading Mode"},"sceneLighting":false,"audioPlay":false,"sceneViewState":{"m_AlwaysRefresh":false,"showFog":true,"showSkybox":false,"showFlares":true,"showImageEffects":true,"showParticleSystems":true,"showVisualEffectGraphs":true,"m_FxEnabled":true},"in2DMode":false,"pivot":{"x":36.333946228027347,"y":-42.841285705566409,"z":0.08546913415193558},"rotation":{"x":0.008490432053804398,"y":0.3345452547073364,"z":-0.002986033447086811,"w":0.9424232244491577},"size":65.5387954711914,"orthographic":true}