{"cameraMode":{"drawMode":0,"name":"Shaded","section":"Shading Mode"},"sceneLighting":false,"audioPlay":false,"sceneViewState":{"m_AlwaysRefresh":false,"showFog":true,"showSkybox":false,"showFlares":true,"showImageEffects":true,"showParticleSystems":true,"showVisualEffectGraphs":true,"m_FxEnabled":true},"in2DMode":false,"pivot":{"x":37.00729751586914,"y":-0.04931044578552246,"z":0.024119853973388673},"rotation":{"x":0.2341374158859253,"y":0.07344213873147965,"z":-0.0176792424172163,"w":0.9693397879600525},"size":38.11347198486328,"orthographic":true}