{"cameraMode":{"drawMode":0,"name":"Shaded","section":"Shading Mode"},"sceneLighting":false,"audioPlay":false,"sceneViewState":{"m_AlwaysRefresh":false,"showFog":true,"showSkybox":false,"showFlares":true,"showImageEffects":true,"showParticleSystems":true,"showVisualEffectGraphs":true,"m_FxEnabled":true},"in2DMode":false,"pivot":{"x":-1.3192367553710938,"y":4.275341033935547,"z":-1.4819436073303223},"rotation":{"x":-0.012917794287204743,"y":0.9846540093421936,"z":-0.15335416793823243,"w":-0.0832206979393959},"size":14.651032447814942,"orthographic":true}