{"cameraMode":{"drawMode":0,"name":"Shaded","section":"Shading Mode"},"sceneLighting":false,"audioPlay":false,"sceneViewState":{"m_AlwaysRefresh":false,"showFog":true,"showSkybox":false,"showFlares":true,"showImageEffects":true,"showParticleSystems":true,"showVisualEffectGraphs":true,"m_FxEnabled":true},"in2DMode":false,"pivot":{"x":-0.000007271766662597656,"y":-0.12939287722110749,"z":0.3750351369380951},"rotation":{"x":-0.12292415648698807,"y":-0.8356232643127441,"z":0.2079104632139206,"w":-0.4937165081501007},"size":0.6405322551727295,"orthographic":true}