{"cameraMode":{"drawMode":0,"name":"Shaded","section":"Shading Mode"},"sceneLighting":false,"audioPlay":false,"sceneViewState":{"m_AlwaysRefresh":false,"showFog":true,"showSkybox":false,"showFlares":true,"showImageEffects":true,"showParticleSystems":true,"showVisualEffectGraphs":true,"m_FxEnabled":true},"in2DMode":false,"pivot":{"x":0.9201805591583252,"y":2.7737016677856447,"z":0.5770850777626038},"rotation":{"x":0.23190313577651978,"y":0.444455087184906,"z":-0.12028799951076508,"w":0.8568633198738098},"size":0.7827969789505005,"orthographic":false}