{"cameraMode":{"drawMode":0,"name":"Shaded","section":"Shading Mode"},"sceneLighting":false,"audioPlay":false,"sceneViewState":{"m_AlwaysRefresh":false,"showFog":true,"showSkybox":false,"showFlares":true,"showImageEffects":true,"showParticleSystems":true,"showVisualEffectGraphs":true,"m_FxEnabled":true},"in2DMode":false,"pivot":{"x":-0.0000018477439880371094,"y":-0.5770261287689209,"z":0.021505117416381837},"rotation":{"x":0.36696308851242068,"y":0.06827782094478607,"z":-0.02701866254210472,"w":0.9273335933685303},"size":0.8987066149711609,"orthographic":false}