{"cameraMode":{"drawMode":0,"name":"Shaded","section":"Shading Mode"},"sceneLighting":false,"audioPlay":false,"sceneViewState":{"m_AlwaysRefresh":false,"showFog":true,"showSkybox":false,"showFlares":true,"showImageEffects":true,"showParticleSystems":true,"showVisualEffectGraphs":true,"m_FxEnabled":true},"in2DMode":false,"pivot":{"x":2.1013782024383547,"y":2.960665702819824,"z":-2.984973430633545},"rotation":{"x":0.16117510199546815,"y":-0.46442627906799319,"z":0.08638226240873337,"w":0.8665310144424439},"size":0.16402828693389893,"orthographic":true}